,Res. Name 1,Res. Number 1,Chain 1,Res. Name 2,Res. Number 2,Chain 2,Atom 1,Atom 2,Distance (Ã…),Atom 1 org name,Atom 2 org name,Type of Interactions
5,LYS,8,A,SER,12,B,CB,OG,3.78,A,B,
200,PRO,9,A,TRP,11,B,O,O,4.37,A,B,
256,GLN,10,A,TRP,13,B,N,CD1,4.58,A,B,
410,GLN,10,A,SER,12,B,CG,CA,3.66,A,B,
630,TRP,11,A,SER,12,B,N,N,4.67,A,B,
820,TRP,11,A,LEU,20,B,CZ3,CD1,4.75,A,B,
887,TRP,11,A,PRO,9,B,O,O,4.92,A,B,
954,SER,12,A,GLN,10,B,N,CB,3.96,A,B,
964,SER,12,A,TRP,11,B,N,N,5.0,A,B,
975,SER,12,A,PRO,9,B,CA,O,4.84,A,B,
1156,TRP,13,A,GLN,10,B,NE1,CA,3.68,A,B,
1350,ARG,14,A,LYS,8,B,NH1,CD,4.51,A,B,
1410,CYS,16,A,TRP,11,B,SG,CE3,4.31,A,B,
1482,THR,19,A,LEU,20,B,CG2,CD2,4.16,A,B,
1569,LEU,20,A,THR,19,B,CD1,O,4.2,A,B,
1571,LEU,20,A,LEU,20,B,CD1,CA,4.2,A,B,
1863,GLN,23,A,LEU,21,B,NE2,N,4.94,A,B,
1880,GLN,23,A,LEU,24,B,NE2,CB,3.83,A,B,
2043,LEU,24,A,GLN,23,B,CD1,NE2,3.79,A,B,
2046,LEU,24,A,ALA,27,B,CD1,CB,4.3,A,B,
2143,ALA,27,A,PHE,31,B,CB,CE2,4.03,A,B,
2347,PHE,31,A,SER,32,B,CE1,N,3.78,A,B,
2388,PHE,31,A,VAL,28,B,CZ,CA,4.08,A,B,
2489,LEU,34,A,ARG,35,B,O,NH2,4.82,A,B,
2502,ARG,35,A,ARG,35,B,CA,NE,4.04,A,B,
2595,ARG,35,A,GLN,38,B,NH1,OE1,3.53,A,B,
2678,GLN,38,A,ARG,35,B,CB,NH2,3.47,A,B,
2784,ASP,39,A,ASP,39,B,OD2,OD1,3.76,A,B,
2850,PRO,41,A,VAL,43,B,O,O,4.64,A,B,
2852,PRO,41,A,TYR,44,B,O,C,4.96,A,B,
2887,THR,42,A,PRO,45,B,CA,CG,4.44,A,B,
2944,TYR,44,A,PRO,41,B,CA,O,4.8,A,B,
2999,TYR,44,A,PRO,45,B,CE1,CD,4.8,A,B,
3212,PRO,45,A,THR,42,B,CG,CG2,4.56,A,B,
3215,PRO,45,A,PHE,50,B,CG,CD2,4.87,A,B,
3333,ASN,46,A,PHE,50,B,ND2,CZ,3.47,A,B,
3516,PHE,50,A,TYR,44,B,CE1,CB,4.54,A,B,
3571,PHE,50,A,ASN,46,B,CZ,CB,4.68,A,B,
3668,PRO,51,A,SER,81,B,CB,O,4.3,A,B,
3670,PRO,51,A,PRO,85,B,CB,CA,3.82,A,B,
3680,PRO,51,A,GLY,86,B,CB,N,3.39,A,B,
3955,THR,54,A,SER,81,B,OG1,O,4.57,A,B,
3957,THR,54,A,GLU,82,B,OG1,CA,3.81,A,B,
4052,THR,56,A,PRO,85,B,OG1,CD,3.46,A,B,
4088,THR,56,A,MET,83,B,CG2,O,3.74,A,B,
4140,PRO,57,A,PRO,85,B,O,CG,4.73,A,B,
4176,HIS,59,A,VAL,84,B,NE2,CG1,4.57,A,B,
4199,HIS,59,A,PRO,85,B,CD2,CG,4.08,A,B,
4235,ILE,61,A,ASN,46,B,CD,ND2,3.99,A,B,
4300,ARG,79,A,THR,54,B,NH1,CG2,4.64,A,B,
4359,ARG,79,A,SER,48,B,NH2,CB,4.07,A,B,
4371,ARG,79,A,PRO,51,B,NH2,CD,4.26,A,B,
4441,SER,81,A,PRO,51,B,CB,CG,3.69,A,B,
4505,SER,81,A,THR,54,B,O,OG1,4.33,A,B,
4672,MET,83,A,THR,56,B,O,CG2,3.66,A,B,
4701,VAL,84,A,HIS,59,B,CG1,NE2,3.67,A,B,
4756,VAL,84,A,GLU,345,B,CG2,O,4.46,A,B,
4878,PRO,85,A,PRO,51,B,CB,O,3.61,A,B,
4885,PRO,85,A,ASP,52,B,CB,OD1,3.83,A,B,
4892,PRO,85,A,ALA,58,B,CB,CA,4.35,A,B,
4976,PRO,85,A,THR,54,B,CG,OG1,4.19,A,B,
4992,PRO,85,A,PRO,57,B,CG,O,4.31,A,B,
5100,PRO,85,A,GLN,344,B,O,OE1,4.29,A,B,
5183,GLY,86,A,PRO,51,B,N,CB,3.85,A,B,
5190,GLY,86,A,ASP,52,B,N,OD1,4.51,A,B,
5218,GLY,86,A,GLN,344,B,CA,OE1,4.05,A,B,
5336,THR,87,A,GLU,345,B,CG2,N,4.75,A,B,
5390,THR,87,A,PRO,51,B,O,CG,4.72,A,B,
5418,ALA,88,A,THR,87,B,CB,CA,4.78,A,B,
5506,GLN,127,A,LEU,325,B,OE1,CD2,4.12,A,B,
5514,GLN,127,A,THR,324,B,NE2,CG2,3.47,A,B,
5565,SER,160,A,ARG,352,B,CB,NH2,4.65,A,B,
5589,SER,160,A,SER,160,B,O,O,4.58,A,B,
5596,SER,160,A,ASP,161,B,O,O,3.69,A,B,
5598,SER,160,A,SER,162,B,O,O,4.56,A,B,
5615,ASP,161,A,SER,160,B,CA,O,4.16,A,B,
5708,SER,162,A,SER,160,B,O,O,4.8,A,B,
5776,PHE,165,A,ARG,348,B,CE2,NH1,3.52,A,B,
5782,PHE,165,A,GLN,350,B,CE2,OE1,4.11,A,B,
5797,PHE,165,A,GLU,346,B,O,OE1,4.62,A,B,
5837,PRO,167,A,ARG,348,B,CG,NH2,3.56,A,B,
5991,TRP,170,A,TYR,349,B,CD1,N,4.99,A,B,
6138,TRP,170,A,GLU,346,B,CZ2,OE1,4.07,A,B,
6303,LEU,171,A,ARG,348,B,O,C,3.95,A,B,
6350,GLU,172,A,TYR,349,B,CA,N,4.78,A,B,
6393,GLU,172,A,ARG,348,B,CG,N,4.87,A,B,
6483,PRO,173,A,ARG,348,B,CD,C,4.9,A,B,
6484,PRO,173,A,TYR,349,B,CD,N,4.56,A,B,
6537,PRO,173,A,GLN,127,B,CB,OE1,4.65,A,B,
6573,PRO,173,A,GLY,128,B,CG,CA,3.95,A,B,
6797,ARG,282,A,ARG,352,B,CD,CG,4.37,A,B,
6888,ARG,282,A,TYR,349,B,O,O,4.38,A,B,
6964,PHE,283,A,THR,351,B,N,OG1,4.74,A,B,
6999,PHE,283,A,ARG,348,B,CD1,CD,4.67,A,B,
7029,PHE,283,A,GLN,350,B,CE1,OE1,4.67,A,B,
7074,LEU,284,A,TYR,349,B,CA,CE2,4.34,A,B,
7089,LEU,284,A,THR,351,B,O,OG1,4.77,A,B,
7133,PRO,285,A,TYR,349,B,CG,OH,3.9,A,B,
7297,LEU,325,A,GLN,127,B,CD2,OE1,4.34,A,B,
7380,LYS,338,A,ARG,348,B,CE,NH2,4.62,A,B,
7422,LYS,338,A,LYS,342,B,NZ,NZ,4.84,A,B,
7693,LYS,342,A,LYS,338,B,NZ,NZ,4.65,A,B,
7768,GLN,344,A,PRO,85,B,OE1,O,4.9,A,B,
7771,GLN,344,A,GLY,86,B,OE1,O,4.21,A,B,
7793,GLN,344,A,VAL,84,B,O,CG1,4.92,A,B,
7798,GLN,344,A,THR,87,B,O,CG2,3.62,A,B,
7806,GLN,344,A,TRP,341,B,O,CZ3,3.75,A,B,
7981,GLU,345,A,PHE,165,B,OE1,O,4.93,A,B,
8026,GLU,345,A,VAL,84,B,O,CG2,4.83,A,B,
8028,GLU,345,A,LEU,334,B,O,CD1,4.58,A,B,
8092,GLU,346,A,LEU,334,B,CB,CD2,4.4,A,B,
8141,GLU,346,A,GLU,172,B,CG,OE1,4.87,A,B,
8206,GLU,346,A,PRO,167,B,OE1,CD,4.6,A,B,
8338,SER,347,A,GLU,172,B,OG,CB,3.35,A,B,
8388,SER,347,A,LEU,171,B,O,O,4.48,A,B,
8450,ARG,348,A,GLU,172,B,N,CB,4.1,A,B,
8552,ARG,348,A,TRP,170,B,CG,CB,3.92,A,B,
8594,ARG,348,A,PRO,167,B,CD,CG,4.64,A,B,
8658,ARG,348,A,PHE,165,B,NE,CE2,4.02,A,B,
8724,ARG,348,A,LYS,338,B,NH2,NZ,3.49,A,B,
8747,ARG,348,A,LEU,171,B,C,O,3.65,A,B,
8827,TYR,349,A,GLU,172,B,N,CA,4.58,A,B,
8881,TYR,349,A,LEU,325,B,CB,CD1,4.44,A,B,
9067,TYR,349,A,LEU,284,B,CE2,C,4.1,A,B,
9118,TYR,349,A,ARG,282,B,O,O,4.13,A,B,
9119,TYR,349,A,PHE,283,B,O,CA,4.05,A,B,
9310,GLN,350,A,PHE,165,B,OE1,CE2,3.95,A,B,
9414,THR,351,A,PHE,283,B,N,N,4.97,A,B,
9649,ARG,352,A,ARG,282,B,NE,NH2,3.24,A,B,
9684,ARG,352,A,SER,160,B,NH2,OG,4.98,A,B,
