,Res. Name 1,Res. Number 1,Chain 1,Res. Name 2,Res. Number 2,Chain 2,Atom 1,Atom 2,Distance (Ã…)
0,PRO,9,A,TRP,13,B,CG,CE2,3.67
1,PRO,9,A,TRP,13,B,CG,CD2,3.65
2,PRO,9,A,TRP,13,B,CG,CE3,3.82
3,PRO,9,A,TRP,13,B,CG,CZ3,3.84
4,GLN,10,A,GLN,10,B,CB,CB,3.73
5,TRP,13,A,PRO,9,B,CZ2,CB,3.82
6,LEU,20,A,GLN,23,B,CG,CG,3.67
7,LEU,20,A,GLN,23,B,CD1,CB,3.66
8,LEU,20,A,GLN,23,B,CD1,CG,3.89
9,LEU,20,A,GLN,23,B,CD2,CG,3.79
10,LEU,24,A,PHE,31,B,CD1,CZ,3.5
11,VAL,28,A,PHE,31,B,CG2,CZ,3.3 *
12,VAL,28,A,PHE,31,B,CG2,CE2,3.52
13,PHE,31,A,PHE,31,B,CD1,CB,3.43
14,PHE,31,A,PHE,31,B,CE1,CB,3.73
15,PRO,45,A,PRO,41,B,CD,CB,3.83
16,PHE,50,A,PRO,45,B,CG,CD,3.89
17,PHE,50,A,PRO,45,B,CG,CG,3.68
18,PHE,50,A,PRO,45,B,CD1,CD,3.69
19,PHE,50,A,PRO,45,B,CD2,CG,3.71
20,PHE,50,A,PRO,45,B,CE2,CG,3.8
21,GLU,82,A,THR,54,B,CG,CG2,3.89
22,PRO,85,A,THR,56,B,CD,CG2,3.85
23,THR,87,A,GLN,344,B,CG2,CB,3.85
24,ASP,161,A,ASP,161,B,CB,CB,3.8
25,TRP,170,A,ARG,348,B,CB,CG,3.79
26,TRP,170,A,ARG,348,B,CG,CG,3.9
27,TRP,170,A,ARG,348,B,CD1,CB,3.71
28,THR,324,A,GLN,127,B,CG2,CG,3.84
29,THR,324,A,GLN,127,B,CG2,CD,3.89
30,TRP,341,A,GLU,345,B,CE3,CB,3.84
31,TRP,341,A,GLU,345,B,CE3,CG,3.35 *
32,TRP,341,A,GLU,345,B,CE3,CD,3.73
33,TRP,341,A,GLU,345,B,CZ3,CB,3.7
34,TRP,341,A,GLU,345,B,CZ3,CG,3.76
35,GLU,345,A,TRP,341,B,CG,CZ3,3.9
36,GLU,345,A,LYS,338,B,CD,CD,3.79
37,TYR,349,A,PRO,285,B,CE2,CD,3.85
38,GLN,350,A,PHE,283,B,CG,CD1,3.88
