,Res. Name 1,Res. Number 1,Chain 1,Res. Name 2,Res. Number 2,Chain 2,Type of Interactions
2,G,1,A,ARG,11,B,Proximal contact
71,G,2,A,ARG,11,B,; Salt-bridge
125,G,2,A,ARG,15,B,; Salt-bridge
228,C,3,A,TRP,12,B,Proximal contact
238,C,3,A,ARG,15,B,; Salt-bridge
252,C,3,A,ARG,11,B,; Salt-bridge; CH-O/N bond; CH-O/N bond
375,U,4,A,ARG,8,B,; Salt-bridge
390,U,4,A,ASN,7,B,Proximal contact
478,U,4,A,ARG,11,B,; CH-O/N bond
593,G,5,A,ALA,4,B,; CH-O/N bond; CH-O/N bond; CH-O/N bond
599,G,5,A,ARG,5,B,Proximal contact
606,G,5,A,ARG,8,B,; CH-O/N bond
691,G,5,A,THR,1,B,; H-bond; CH-O/N bond
707,G,5,A,GLN,3,B,; lp-π interaction
759,G,5,A,ASN,7,B,; CH-O/N bond
943,G,6,A,THR,1,B,; H-bond*
1031,G,6,A,GLN,3,B,Proximal contact
1037,G,6,A,ALA,4,B,Proximal contact
1070,G,6,A,ASN,7,B,Proximal contact
1138,A,7,A,THR,1,B,; H-bond*; CH-O/N bond
1190,A,7,A,GLN,3,B,; CH-O/N bond
1294,C,8,A,ARG,2,B,Proximal contact
1297,C,8,A,GLN,3,B,; Apolar vdW contact
1304,C,8,A,ARG,6,B,Proximal contact
1361,U,9,A,ARG,2,B,Proximal contact
1365,U,9,A,GLN,3,B,Proximal contact
1370,C,10,A,ARG,2,B,Proximal contact
1393,G,11,A,ARG,2,B,Proximal contact
1414,A,21,A,ARG,2,B,Proximal contact
1481,C,22,A,ARG,5,B,Proximal contact
1515,C,22,A,ARG,2,B,; CH-O/N bond; CH-O/N bond; CH-π interaction
1644,U,23,A,ARG,5,B,; Salt-bridge; CH-O/N bond
1715,U,23,A,ARG,9,B,Proximal contact
1765,U,23,A,ARG,13,B,Proximal contact
1818,U,23,A,ARG,6,B,; H-bond; CH-O/N bond; CH-π interaction; CH-π interaction; Apolar vdW contact; Apolar vdW contact
1880,U,23,A,ARG,2,B,; H-bond*; CH-O/N bond; CH-O/N bond; Apolar vdW contact
1890,U,23,A,GLN,3,B,Proximal contact
2151,G,24,A,ARG,5,B,; Salt-bridge
2177,G,24,A,ARG,9,B,; Salt-bridge
2193,G,24,A,ARG,13,B,; Salt-bridge
2253,G,25,A,ARG,9,B,; Salt-bridge
2257,G,25,A,ARG,13,B,; Salt-bridge
2286,G,25,A,ARG,2,B,; H-bond*
2335,A,26,A,ARG,13,B,; Salt-bridge
2357,A,26,A,ARG,17,B,Proximal contact
2379,A,26,A,ARG,6,B,; Salt-bridge
2398,A,26,A,ARG,2,B,Proximal contact
2475,G,27,A,ARG,17,B,; Salt-bridge
2493,G,27,A,ARG,6,B,Proximal contact
2536,A,28,A,ARG,17,B,Proximal contact
2550,A,28,A,ARG,6,B,; H-bond*
2615,A,28,A,ARG,10,B,; H-bond*
2720,A,29,A,ARG,13,B,Proximal contact
2726,A,29,A,GLU,14,B,Clash
2735,A,29,A,ARG,17,B,; Salt-bridge
2744,A,29,A,ARG,6,B,; Salt-bridge
2752,A,29,A,ARG,10,B,; Salt-bridge
2837,A,29,A,ARG,11,B,; H-bond*; CH-O/N bond
2943,A,29,A,ARG,15,B,; CH-O/N bond
3174,A,30,A,ARG,11,B,; Salt-bridge
3196,A,30,A,ARG,10,B,; H-bond*
3219,A,30,A,ASN,7,B,; H-bond
3259,C,31,A,ASN,7,B,Proximal contact
3262,C,31,A,ARG,11,B,Proximal contact
